{"val_loss": [0.6929640173912048, 0.683418333530426, 0.6739941835403442, 0.6652473211288452, 0.6560215950012207, 0.647148609161377, 0.6380520462989807, 0.6289725303649902, 0.6199830770492554, 0.6108912229537964, 0.601776123046875, 0.592620849609375, 0.5833891034126282, 0.5740957260131836, 0.56474369764328, 0.5554025173187256, 0.5459853410720825, 0.5365042686462402, 0.5268740653991699, 0.5172730088233948, 0.5076165795326233, 0.4978165924549103, 0.4880174994468689, 0.47832614183425903, 0.4685436189174652, 0.45880812406539917, 0.44913190603256226, 0.4396542012691498, 0.4301614761352539, 0.4208994209766388, 0.41178372502326965, 0.4027060568332672, 0.39391160011291504, 0.38532787561416626, 0.37685057520866394, 0.3685959577560425, 0.3606647849082947, 0.35289466381073, 0.3453853130340576, 0.33821552991867065, 0.3312913179397583, 0.3245480954647064, 0.3180496096611023, 0.31180453300476074, 0.30581849813461304, 0.3001403212547302, 0.29468438029289246, 0.28937578201293945, 0.2843211591243744, 0.2794073820114136], "loss": [0.700748860836029, 0.6921629905700684, 0.6809266805648804, 0.6698785424232483, 0.6594980955123901, 0.6482418775558472, 0.6369712948799133, 0.624852180480957, 0.6121166348457336, 0.598812997341156, 0.5846392512321472, 0.5696984529495239, 0.5539645552635193, 0.5374255776405334, 0.5200942158699036, 0.5020010471343994, 0.48333102464675903, 0.4640064835548401, 0.44411343336105347, 0.4234977960586548, 0.4026493430137634, 0.38143205642700195, 0.35971590876579285, 0.3378198444843292, 0.31611543893814087, 0.2942001223564148, 0.27238917350769043, 0.25076067447662354, 0.22965623438358307, 0.20866289734840393, 0.18830648064613342, 0.16838966310024261, 0.14874136447906494, 0.12984079122543335, 0.1114567294716835, 0.09339126944541931, 0.07586197555065155, 0.059020645916461945, 0.04246851056814194, 0.026352349668741226, 0.010790271684527397, -0.004422920290380716, -0.01949722319841385, -0.034308724105358124, -0.04891490936279297, -0.06336177885532379, -0.07755078375339508, -0.09167133271694183, -0.10590546578168869, -0.12003082782030106]}